mode,implementation,round,events,wall_ns,events_per_second,p50_ns,p95_ns,p99_ns,max_ns,consumer_bytes_per_event,gc_collections,backpressure_events,digest
service,reference,0,300000,242910700,1235021.759,600,1200,1700,865300,89.506,0,0,-2129797804566049408
service,array,0,300000,72976100,4110934.950,200,300,400,145100,0.003,0,0,-2129797804566049408
offered_100000_service,reference,0,60000,600313300,99947.811,1500,3100,5600,3840500,102.390,0,0,-1132592976722067786
offered_100000_scheduled_to_done,reference,0,60000,600313300,99947.811,18800,5573000,9209600,11118800,-1.000,0,0,-1132592976722067786
offered_100000_enqueue_to_start,reference,0,60000,600313300,99947.811,16100,4076700,7348400,11111300,-1.000,0,0,-1132592976722067786
offered_100000_producer_lag,reference,0,60000,600313300,99947.811,100,1360900,4907800,6470000,-1.000,0,0,-1132592976722067786
offered_100000_service,array,0,60000,600386200,99935.675,400,900,1400,85100,12.365,0,0,-1132592976722067786
offered_100000_scheduled_to_done,array,0,60000,600386200,99935.675,14600,55200,196500,956500,-1.000,0,0,-1132592976722067786
offered_100000_enqueue_to_start,array,0,60000,600386200,99935.675,13400,34300,56900,207500,-1.000,0,0,-1132592976722067786
offered_100000_producer_lag,array,0,60000,600386200,99935.675,100,24700,161000,897600,-1.000,0,0,-1132592976722067786
offered_500000_service,reference,0,60000,120522000,497834.420,800,1600,2800,286500,95.787,0,0,-1132592976722067786
offered_500000_scheduled_to_done,reference,0,60000,120522000,497834.420,15700,95800,264000,561500,-1.000,0,0,-1132592976722067786
offered_500000_enqueue_to_start,reference,0,60000,120522000,497834.420,13900,80300,183900,398600,-1.000,0,0,-1132592976722067786
offered_500000_producer_lag,reference,0,60000,120522000,497834.420,100,20500,72600,489800,-1.000,0,0,-1132592976722067786
offered_500000_service,array,0,60000,120242700,498990.791,200,500,800,62900,3.594,0,0,-1132592976722067786
offered_500000_scheduled_to_done,array,0,60000,120242700,498990.791,13800,72700,163700,419900,-1.000,0,0,-1132592976722067786
offered_500000_enqueue_to_start,array,0,60000,120242700,498990.791,12700,50100,113900,418700,-1.000,0,0,-1132592976722067786
offered_500000_producer_lag,array,0,60000,120242700,498990.791,100,28700,75100,302500,-1.000,0,0,-1132592976722067786
service,array,1,300000,71085100,4220293.704,200,200,400,1230300,0.003,0,0,-2129797804566049408
service,reference,1,300000,252048700,1190246.171,600,1300,2100,1145800,89.506,0,0,-2129797804566049408
offered_100000_service,array,1,60000,600429700,99928.435,400,900,1500,128900,12.235,0,0,-1132592976722067786
offered_100000_scheduled_to_done,array,1,60000,600429700,99928.435,14900,73500,297500,1543800,-1.000,0,0,-1132592976722067786
offered_100000_enqueue_to_start,array,1,60000,600429700,99928.435,13800,48000,142100,789600,-1.000,0,0,-1132592976722067786
offered_100000_producer_lag,array,1,60000,600429700,99928.435,100,25300,188800,1301200,-1.000,0,0,-1132592976722067786
offered_100000_service,reference,1,60000,600193200,99967.810,1500,3200,5000,139900,104.371,0,0,-1132592976722067786
offered_100000_scheduled_to_done,reference,1,60000,600193200,99967.810,15300,54800,138800,1017700,-1.000,0,0,-1132592976722067786
offered_100000_enqueue_to_start,reference,1,60000,600193200,99967.810,13400,41300,85500,550100,-1.000,0,0,-1132592976722067786
offered_100000_producer_lag,reference,1,60000,600193200,99967.810,100,9100,64200,987900,-1.000,0,0,-1132592976722067786
offered_500000_service,array,1,60000,120384900,498401.378,200,500,800,34800,5.027,0,0,-1132592976722067786
offered_500000_scheduled_to_done,array,1,60000,120384900,498401.378,9700,51100,106200,549200,-1.000,0,0,-1132592976722067786
offered_500000_enqueue_to_start,array,1,60000,120384900,498401.378,9100,39800,95700,548000,-1.000,0,0,-1132592976722067786
offered_500000_producer_lag,array,1,60000,120384900,498401.378,100,19300,39800,393800,-1.000,0,0,-1132592976722067786
offered_500000_service,reference,1,60000,123120800,487326.268,900,2100,3700,836200,95.304,0,908,-1132592976722067786
offered_500000_scheduled_to_done,reference,1,60000,123120800,487326.268,144400,4847000,5129600,5364300,-1.000,0,908,-1132592976722067786
offered_500000_enqueue_to_start,reference,1,60000,123120800,487326.268,123300,2347600,3069000,3415600,-1.000,0,908,-1132592976722067786
offered_500000_producer_lag,reference,1,60000,123120800,487326.268,100,2920200,3416000,3826000,-1.000,0,908,-1132592976722067786
service,reference,2,300000,246385900,1217602.144,600,1300,2400,926000,89.506,0,0,-2129797804566049408
service,array,2,300000,71261100,4209870.462,200,300,400,908300,0.003,0,0,-2129797804566049408
offered_100000_service,reference,2,60000,600479800,99920.097,1400,3300,4900,494900,103.285,1,0,-1132592976722067786
offered_100000_scheduled_to_done,reference,2,60000,600479800,99920.097,17200,151800,1253900,5943000,-1.000,0,0,-1132592976722067786
offered_100000_enqueue_to_start,reference,2,60000,600479800,99920.097,15000,106600,351700,1469500,-1.000,0,0,-1132592976722067786
offered_100000_producer_lag,reference,2,60000,600479800,99920.097,100,32900,842700,5839400,-1.000,0,0,-1132592976722067786
offered_100000_service,array,2,60000,600376000,99937.373,400,1000,1800,80600,12.788,0,0,-1132592976722067786
offered_100000_scheduled_to_done,array,2,60000,600376000,99937.373,14200,115800,733000,2773600,-1.000,0,0,-1132592976722067786
offered_100000_enqueue_to_start,array,2,60000,600376000,99937.373,13200,71700,315200,2201200,-1.000,0,0,-1132592976722067786
offered_100000_producer_lag,array,2,60000,600376000,99937.373,100,23800,450500,2712400,-1.000,0,0,-1132592976722067786
offered_500000_service,reference,2,60000,120348600,498551.707,800,1500,2200,140800,96.592,0,0,-1132592976722067786
offered_500000_scheduled_to_done,reference,2,60000,120348600,498551.707,12900,71300,228300,498900,-1.000,0,0,-1132592976722067786
offered_500000_enqueue_to_start,reference,2,60000,120348600,498551.707,11400,63300,194000,496600,-1.000,0,0,-1132592976722067786
offered_500000_producer_lag,reference,2,60000,120348600,498551.707,100,14900,41600,260600,-1.000,0,0,-1132592976722067786
offered_500000_service,array,2,60000,120186200,499225.369,200,400,700,68400,5.573,0,0,-1132592976722067786
offered_500000_scheduled_to_done,array,2,60000,120186200,499225.369,9200,83500,419400,991700,-1.000,0,0,-1132592976722067786
offered_500000_enqueue_to_start,array,2,60000,120186200,499225.369,8600,53200,127200,348100,-1.000,0,0,-1132592976722067786
offered_500000_producer_lag,array,2,60000,120186200,499225.369,100,24200,376400,932400,-1.000,0,0,-1132592976722067786
service,array,3,300000,74033400,4052225.077,200,300,400,124000,0.003,0,0,-2129797804566049408
service,reference,3,300000,195772100,1532394.044,500,900,1200,475600,89.506,0,0,-2129797804566049408
offered_100000_service,array,3,60000,600208700,99965.229,400,1000,1400,117800,13.295,0,0,-1132592976722067786
offered_100000_scheduled_to_done,array,3,60000,600208700,99965.229,14600,90700,607200,2094300,-1.000,0,0,-1132592976722067786
offered_100000_enqueue_to_start,array,3,60000,600208700,99965.229,13100,33300,75300,566600,-1.000,0,0,-1132592976722067786
offered_100000_producer_lag,array,3,60000,600208700,99965.229,100,52300,577300,2058700,-1.000,0,0,-1132592976722067786
offered_100000_service,reference,3,60000,600248700,99958.567,1300,2400,3200,107500,107.889,0,0,-1132592976722067786
offered_100000_scheduled_to_done,reference,3,60000,600248700,99958.567,11800,33300,114700,702100,-1.000,0,0,-1132592976722067786
offered_100000_enqueue_to_start,reference,3,60000,600248700,99958.567,10300,25500,55300,479300,-1.000,0,0,-1132592976722067786
offered_100000_producer_lag,reference,3,60000,600248700,99958.567,100,4300,57400,663900,-1.000,0,0,-1132592976722067786
offered_500000_service,array,3,60000,120183400,499236.999,200,400,700,1153300,2.404,0,625,-1132592976722067786
offered_500000_scheduled_to_done,array,3,60000,120183400,499236.999,3684700,19467600,22446800,22845500,-1.000,0,625,-1132592976722067786
offered_500000_enqueue_to_start,array,3,60000,120183400,499236.999,283100,2596300,4344500,5075700,-1.000,0,625,-1132592976722067786
offered_500000_producer_lag,array,3,60000,120183400,499236.999,2745900,19331700,21780500,22488500,-1.000,0,625,-1132592976722067786
offered_500000_service,reference,3,60000,120213000,499114.073,700,1300,1900,90000,97.523,0,0,-1132592976722067786
offered_500000_scheduled_to_done,reference,3,60000,120213000,499114.073,9800,38000,98200,767300,-1.000,0,0,-1132592976722067786
offered_500000_enqueue_to_start,reference,3,60000,120213000,499114.073,8600,28600,89100,227900,-1.000,0,0,-1132592976722067786
offered_500000_producer_lag,reference,3,60000,120213000,499114.073,100,11100,37500,658700,-1.000,0,0,-1132592976722067786
